gene,baseMean,log2FoldChange,lfcSE,stat,pvalue,padj
LINC01811,717.447761951828,0.534486734669332,0.103536971903221,5.15694550813276,2.51010812363526e-07,0.00767214547989116
