gene,baseMean,log2FoldChange,lfcSE,stat,pvalue,padj
SLC1A3,73.1719774042182,-1.0275732542768,0.216391612060388,-4.74573676896984,2.07748740913677e-06,0.0439450911654702
