gene,baseMean,log2FoldChange,lfcSE,stat,pvalue,padj
COL21A1,135.007501089651,0.740035043025113,0.16024861899604,4.85938682594096,1.1774986917598e-06,0.03643298702174
