gene,baseMean,log2FoldChange,lfcSE,stat,pvalue,padj
LGI4,11.8559556023227,-1.03188437925012,0.200438080985101,-5.11807097229553,3.08676455051302e-07,0.00833426428638516
