gene,baseMean,log2FoldChange,lfcSE,stat,pvalue,padj
LGI4,11.8559556023227,-0.991570299500141,0.201157280463109,-4.93177262811309,8.14867358377274e-07,0.0220095673497702
