gene,baseMean,log2FoldChange,lfcSE,stat,pvalue,padj
AC034268.2,2186.01389159336,-0.70277218365508,0.127464536335184,-5.5640960802969,2.6351473586802e-08,0.000840295789735942
HES4,191.621745543375,-0.710141742842424,0.131626935317686,-5.39684190477817,6.78241004571112e-08,0.00108138745768818
