gene,baseMean,log2FoldChange,lfcSE,stat,pvalue,padj
HES4,191.621745543375,-0.669412713402038,0.123579635338911,-5.37176382032268,7.79701887098078e-08,0.002489900006259
AC034268.2,2186.01389159336,-0.633418091283321,0.122534650658693,-5.13650041659028,2.7990173046472e-07,0.00446919093033019
