gene,baseMean,log2FoldChange,lfcSE,stat,pvalue,padj
AC106729.1,24.5356477362243,0.678601985941854,0.131596357866535,5.27073924625977,1.35875387348357e-07,0.00420140285219854
PPP1R36,34.8662713459573,0.607411443668587,0.130508221429254,4.77855555729705,1.76558980036385e-06,0.0272969011085252
GDNF-AS1,58.1114886815061,-0.578496440492708,0.126756027120502,-4.56936265544724,4.89209632229661e-06,0.0384406463208061
SLC25A48,55.4161454815184,0.580457237804495,0.131314195518178,4.53875939171136,5.65861579873427e-06,0.0384406463208061
AC079193.2,10.1471399460498,0.589869413608874,0.132387314729465,4.51890781879937,6.21594487901525e-06,0.0384406463208061
